"week_date","commodity","price_php_kg"
2023-01-01,"Red Onion (NCR)",155.48
2023-01-08,"Red Onion (NCR)",150.25
2023-01-15,"Red Onion (NCR)",156.44
2023-01-22,"Red Onion (NCR)",159.94
2023-01-29,"Red Onion (NCR)",161.37
2023-02-05,"Red Onion (NCR)",161.57
2023-02-12,"Red Onion (NCR)",170.15
2023-02-19,"Red Onion (NCR)",165.69
2023-02-26,"Red Onion (NCR)",175.93
2023-03-05,"Red Onion (NCR)",169.22
2023-03-12,"Red Onion (NCR)",176.1
2023-03-19,"Red Onion (NCR)",181.23
2023-03-26,"Red Onion (NCR)",167.51
2023-04-02,"Red Onion (NCR)",172.72
2023-04-09,"Red Onion (NCR)",173.84
2023-04-16,"Red Onion (NCR)",177.24
2023-04-23,"Red Onion (NCR)",173.66
2023-04-30,"Red Onion (NCR)",164.07
2023-05-07,"Red Onion (NCR)",164.63
2023-05-14,"Red Onion (NCR)",179.2
2023-05-21,"Red Onion (NCR)",172.05
2023-05-28,"Red Onion (NCR)",165.36
2023-06-04,"Red Onion (NCR)",170.89
2023-06-11,"Red Onion (NCR)",175.43
2023-06-18,"Red Onion (NCR)",177.07
2023-06-25,"Red Onion (NCR)",166.64
2023-07-02,"Red Onion (NCR)",166.18
2023-07-09,"Red Onion (NCR)",159.02
2023-07-16,"Red Onion (NCR)",166.8
2023-07-23,"Red Onion (NCR)",161.36
2023-07-30,"Red Onion (NCR)",164.78
2023-08-06,"Red Onion (NCR)",164.92
2023-08-13,"Red Onion (NCR)",165.53
2023-08-20,"Red Onion (NCR)",158.39
2023-08-27,"Red Onion (NCR)",162.45
2023-09-03,"Red Onion (NCR)",153.36
2023-09-10,"Red Onion (NCR)",157.09
2023-09-17,"Red Onion (NCR)",157.04
2023-09-24,"Red Onion (NCR)",151.21
2023-10-01,"Red Onion (NCR)",161.67
2023-10-08,"Red Onion (NCR)",163.22
2023-10-15,"Red Onion (NCR)",162.05
2023-10-22,"Red Onion (NCR)",167.83
2023-10-29,"Red Onion (NCR)",163.4
2023-11-05,"Red Onion (NCR)",162.54
2023-11-12,"Red Onion (NCR)",171.63
2023-11-19,"Red Onion (NCR)",168.69
2023-11-26,"Red Onion (NCR)",179.89
2023-12-03,"Red Onion (NCR)",174.68
2023-12-10,"Red Onion (NCR)",181.42
2023-12-17,"Red Onion (NCR)",182.54
2023-12-24,"Red Onion (NCR)",180.61
2023-12-31,"Red Onion (NCR)",192.56
2024-01-07,"Red Onion (NCR)",191.32
2024-01-14,"Red Onion (NCR)",191.56
2024-01-21,"Red Onion (NCR)",194.7
2024-01-28,"Red Onion (NCR)",198.6
2024-02-04,"Red Onion (NCR)",198.42
2024-02-11,"Red Onion (NCR)",188.13
2024-02-18,"Red Onion (NCR)",203.13
2024-02-25,"Red Onion (NCR)",202.22
2024-03-03,"Red Onion (NCR)",205.94
2024-03-10,"Red Onion (NCR)",208.84
2024-03-17,"Red Onion (NCR)",213.2
2024-03-24,"Red Onion (NCR)",205.57
2024-03-31,"Red Onion (NCR)",214.34
2024-04-07,"Red Onion (NCR)",210.9
2024-04-14,"Red Onion (NCR)",213.93
2024-04-21,"Red Onion (NCR)",213.45
2024-04-28,"Red Onion (NCR)",212.45
2024-05-05,"Red Onion (NCR)",205
2024-05-12,"Red Onion (NCR)",208.25
2024-05-19,"Red Onion (NCR)",210.39
2024-05-26,"Red Onion (NCR)",203.23
2024-06-02,"Red Onion (NCR)",203.91
2024-06-09,"Red Onion (NCR)",207.36
2024-06-16,"Red Onion (NCR)",207
2024-06-23,"Red Onion (NCR)",204.64
2024-06-30,"Red Onion (NCR)",198.1
2024-07-07,"Red Onion (NCR)",196.11
2024-07-14,"Red Onion (NCR)",205.48
2024-07-21,"Red Onion (NCR)",199.45
2024-07-28,"Red Onion (NCR)",197.87
2024-08-04,"Red Onion (NCR)",196.24
2024-08-11,"Red Onion (NCR)",191.31
2024-08-18,"Red Onion (NCR)",198.05
2024-08-25,"Red Onion (NCR)",194.44
2024-09-01,"Red Onion (NCR)",194.47
2024-09-08,"Red Onion (NCR)",199.04
2024-09-15,"Red Onion (NCR)",198.91
2024-09-22,"Red Onion (NCR)",201.74
2024-09-29,"Red Onion (NCR)",195.03
2024-10-06,"Red Onion (NCR)",200.52
2024-10-13,"Red Onion (NCR)",204.68
2024-10-20,"Red Onion (NCR)",196.09
2024-10-27,"Red Onion (NCR)",198.7
2024-11-03,"Red Onion (NCR)",199.41
2024-11-10,"Red Onion (NCR)",200.06
2024-11-17,"Red Onion (NCR)",208.33
2024-11-24,"Red Onion (NCR)",212.86
2024-12-01,"Red Onion (NCR)",217.4
2024-12-08,"Red Onion (NCR)",219.2
2024-12-15,"Red Onion (NCR)",213.48
2024-12-22,"Red Onion (NCR)",227.39
